"CODDEPTO","DEPARTAMENTO","CODMPIO","MUNICIPIO","2001","2002","2003","2004","2005","2006","2007","2008","2009","2010","2011","2012","2013","2014","2015","2016","2017","2018","2019","2020","2021","2022","2023"
"91","AMAZONAS","91263","EL ENCANTO (Cor. Departamental)","191.8","264.0","164.0","270.0","382.0","233.0","186.0","349.0","109.0","81.0","35.0","16.0","8.0","20.0","11.8","12.7","8.0","4.1","2.5","0","- 0","- 0","- 0"
"91","AMAZONAS","91405","LA CHORRERA (Cor. Departamental)","65.0","236.0","209.0","271.0","257.0","223.0","132.0","349.0","81.0","113.0","36.0","22.0","25.0","51.0","13.6","14.1","18.2","6.0","3.2","0","- 0","- 0","- 0"
"91","AMAZONAS","91407","LA PEDRERA (Cor. Departamental)","- 0","- 0","- 0","- 0","- 0","- 0","- 0","- 0","7.0","12.0","- 0","1.0","- 0","- 0","- 0","- 0","- 0","- 0","- 0","0","- 0","- 0","- 0"
"91","AMAZONAS","91430","LA VICTORIA (Pacoa) (Cor. Departamental)","- 0","- 0","- 0","- 0","- 0","- 0","- 0","- 0","2.0","10.0","- 0","- 0","- 0","- 0","- 0","- 0","- 0","- 0","- 0","0","- 0","- 0","- 0"
"91","AMAZONAS","91460","MIRITÍ-PARANÁ (Campoamor) (Cor. Departamental)","6.0","43.0","36.2","30.0","12.0","4.0","9.0","2.0","4.0","15.0","- 0","5.0","- 0","- 0","- 0","- 0","- 0","- 0","- 0","0","- 0","- 0","- 0"
"91","AMAZONAS","91530","PUERTO ALEGRÍA (Cor. Departamental)","212.3","195.0","173.0","174.0","210.0","202.0","165.0","95.0","53.0","73.0","44.0","54.0","76.0","102.0","85.8","140.0","139.4","111.5","119.0","61,5","72.8","103.4","66.0"
"91","AMAZONAS","91536","PUERTO ARICA (Cor. Departamental)","- 0","1.0","6.4","- 0","- 0","- 0","- 0","- 0","- 0","- 0","- 0","- 0","- 0","- 0","- 0","- 0","- 0","- 0","- 0","0","- 0","- 0","- 0"
"91","AMAZONAS","91669","SANTANDER (Araracuara) (Cor. Departamental)","33.0","44.0","36.7","38.0","36.0","30.0","49.0","41.0","22.0","34.0","7.0","- 0","1.0","- 0","- 0","- 0","- 0","- 0","- 0","0","- 0","- 0","- 0"
"05","ANTIOQUIA","05031","AMALFI","36.6","110.0","74.0","173.0","210.0","342.0","246.0","151.0","108.0","103.0","29.0","170.0","48.0","40.0","28.4","130.8","197.9","205.6","191.1","209,8","475.4","405.0","382.6"
"05","ANTIOQUIA","05040","ANORÍ","201.3","369.0","613.7","753.0","759.0","836.0","533.0","787.0","239.0","526.0","208.0","361.0","107.0","199.0","256.1","661.7","1,312.3","969.5","768.4","1.088,9","1,737.4","1,540.7","2,089.3"
"05","ANTIOQUIA","05045","APARTADÓ","- 0","- 0","- 0","- 0","- 0","- 0","- 0","10.0","21.0","70.0","- 0","19.0","5.0","6.0","8.9","9.5","7.9","1.5","7.3","5,7","1.9","3.4","3.2"
"05","ANTIOQUIA","05055","ARGELIA","- 0","- 0","4.0","21.0","21.0","15.0","2.0","1.0","3.0","9.0","42.0","5.0","2.0","- 0","- 0","- 0","- 0","- 0","- 0","0","- 0","- 0","- 0"
"05","ANTIOQUIA","05107","BRICEÑO","24.2","17.0","20.0","54.0","115.0","44.0","329.0","85.0","50.0","94.0","38.0","53.0","5.0","27.0","91.5","736.9","414.9","289.0","90.7","88,6","363.1","417.6","534.5"
"05","ANTIOQUIA","05120","CÁCERES","229.1","116.0","537.0","539.0","650.0","579.0","552.0","524.0","382.0","1,056.0","453.0","290.0","143.0","510.0","420.1","1,131.3","1,943.6","1,826.2","1,101.5","1.273,9","1,869.6","1,785.7","2,116.2"
"05","ANTIOQUIA","05134","CAMPAMENTO","- 0","8.0","- 0","62.0","28.0","9.0","38.0","6.0","25.0","- 0","- 0","6.0","11.0","41.0","25.6","130.3","228.2","204.6","184.0","179,4","326.1","268.8","427.1"
"05","ANTIOQUIA","05142","CARACOLÍ","- 0","- 0","- 0","- 0","- 0","1.0","- 0","14.0","- 0","2.0","2.0","- 0","- 0","- 0","- 0","- 0","- 0","- 0","- 0","0","- 0","- 0","- 0"
"05","ANTIOQUIA","05147","CAREPA","- 0","- 0","- 0","2.0","- 0","- 0","- 0","4.0","- 0","4.0","- 0","- 0","- 0","- 0","- 0","- 0","- 0","- 0","- 0","0","- 0","- 0","- 0"
"05","ANTIOQUIA","05148","CARMEN DE VIBORAL","- 0","- 0","- 0","- 0","- 0","- 0","- 0","- 0","2.0","- 0","- 0","- 0","- 0","- 0","- 0","- 0","- 0","- 0","- 0","0","- 0","- 0","- 0"
"05","ANTIOQUIA","05154","CAUCASIA","95.1","26.0","27.0","21.0","2.0","12.0","7.0","2.0","- 0","- 0","- 0","- 0","- 0","- 0","- 0","5.9","- 0","2.3","- 0","0","3.3","3.6","3.1"
"05","ANTIOQUIA","05172","CHIGORODÓ","- 0","- 0","- 0","- 0","- 0","- 0","- 0","2.0","- 0","7.0","1.0","7.0","4.0","1.0","- 0","10.4","6.9","5.3","6.4","4,1","12.2","15.6","35.4"
"05","ANTIOQUIA","05197","COCORNÁ","- 0","- 0","- 0","- 0","- 0","- 0","- 0","13.0","6.0","- 0","1.0","4.0","- 0","- 0","- 0","- 0","- 0","- 0","- 0","0","- 0","- 0","- 0"
"05","ANTIOQUIA","05234","DABEIBA","40.0","- 0","- 0","- 0","- 0","- 0","- 0","- 0","40.0","4.0","2.0","4.0","- 0","- 0","- 0","- 0","- 0","- 0","- 0","0","- 0","- 0","5.8"
"05","ANTIOQUIA","05250","EL BAGRE","452.3","327.0","524.0","546.0","721.0","463.0","1,752.0","708.0","715.0","1,110.0","317.0","339.0","96.0","21.0","85.3","446.3","595.2","811.0","648.3","1.265,7","1,152.8","878.6","1,040.7"
"05","ANTIOQUIA","05284","FRONTINO","1.0","- 0","- 0","- 0","- 0","- 0","- 0","- 0","- 0","- 0","- 0","- 0","- 0","- 0","- 0","- 0","- 0","- 0","- 0","0","- 0","- 0","- 0"
"05","ANTIOQUIA","05310","GÓMEZ PLATA","25.0","2.0","- 0","- 0","- 0","- 0","- 0","- 0","- 0","- 0","- 0","- 0","- 0","- 0","- 0","- 0","- 0","- 0","- 0","0","- 0","- 0","- 0"
"05","ANTIOQUIA","05361","ITUANGO","134.7","130.0","200.0","135.0","161.0","76.0","45.0","228.0","250.0","16.0","82.0","138.0","27.0","108.0","41.4","305.2","865.6","882.7","724.5","967,3","1,414.2","1,213.2","1,471.3"
"05","ANTIOQUIA","05425","MACEO","8.0","- 0","- 0","- 0","- 0","- 0","- 0","- 0","- 0","- 0","- 0","- 0","- 0","- 0","- 0","- 0","- 0","- 0","- 0","0","- 0","- 0","- 0"
"05","ANTIOQUIA","05475","MURINDÓ","- 0","- 0","- 0","- 0","- 0","- 0","- 0","- 0","6.0","- 0","3.0","- 0","1.0","- 0","- 0","- 0","- 0","- 0","1.5","8,1","46.1","69.2","176.3"
"05","ANTIOQUIA","05480","MUTATÁ","1.0","- 0","- 0","- 0","- 0","- 0","- 0","- 0","- 0","7.0","- 0","10.0","4.0","- 0","1.2","- 0","6.7","3.5","1.2","1,1","6.0","10.0","31.0"
"05","ANTIOQUIA","05483","NARIÑO","- 0","- 0","2.0","8.0","1.0","94.0","32.0","17.0","61.0","29.0","66.0","3.0","- 0","1.0","- 0","- 0","- 0","- 0","- 0","0","- 0","- 0","- 0"
"05","ANTIOQUIA","05495","NECHÍ","15.7","57.0","125.0","195.0","365.0","335.0","1,085.0","328.0","235.0","119.0","210.0","173.0","28.0","39.0","128.4","360.9","551.5","708.0","530.4","551,1","365.5","277.9","380.4"
"05","ANTIOQUIA","05490","NECOCLÍ","- 0","- 0","78.0","1.0","- 0","- 0","- 0","- 0","- 0","- 0","- 0","- 0","1.0","- 0","- 0","- 0","- 0","- 0","- 0","0","- 0","- 0","- 0"
"05","ANTIOQUIA","05579","PUERTO BERRÍO","- 0","- 0","- 0","- 0","- 0","- 0","- 0","2.0","- 0","- 0","3.0","2.0","2.0","- 0","- 0","- 0","- 0","- 0","- 0","0","- 0","- 0","- 0"
"05","ANTIOQUIA","05585","PUERTO NARE","- 0","- 0","- 0","7.0","2.0","35.0","44.0","45.0","2.0","17.0","22.0","5.0","- 0","- 0","- 0","- 0","- 0","- 0","- 0","0","- 0","- 0","- 0"
"05","ANTIOQUIA","05591","PUERTO TRIUNFO","- 0","- 0","- 0","- 0","- 0","1.0","- 0","- 0","- 0","- 0","- 0","- 0","- 0","- 0","- 0","- 0","- 0","- 0","- 0","0","- 0","- 0","- 0"
"05","ANTIOQUIA","05604","REMEDIOS","443.3","534.0","331.0","193.0","202.0","265.0","142.0","154.0","121.0","85.0","86.0","29.0","3.0","5.0","4.0","10.4","24.7","45.4","39.3","38,9","129.4","118.9","115.9"
"05","ANTIOQUIA","05628","SABANALARGA","- 0","1.0","- 0","- 0","- 0","- 0","- 0","- 0","- 0","- 0","- 0","- 0","- 0","- 0","- 0","- 0","- 0","- 0","- 0","0","- 0","- 0","- 0"
"05","ANTIOQUIA","05649","SAN CARLOS","1.0","- 0","- 0","- 0","- 0","38.0","23.0","17.0","45.0","13.0","44.0","48.0","3.0","3.0","1.4","1.8","- 0","- 0","- 0","0","1.2","1.4","1.8"
"05","ANTIOQUIA","05652","SAN FRANCISCO","22.9","- 0","17.0","- 0","27.0","137.0","79.0","235.0","71.0","139.0","129.0","47.0","31.0","23.0","29.5","15.5","14.0","28.8","14.1","13,8","30.6","48.5","64.2"
"05","ANTIOQUIA","05660","SAN LUIS","13.0","- 0","18.0","- 0","83.0","197.0","102.0","271.0","182.0","37.0","114.0","21.0","11.0","12.0","8.3","8.2","4.6","8.9","1.7","2,1","9.1","23.0","22.1"
"05","ANTIOQUIA","05665","SAN PEDRO DE URABÁ","- 0","- 0","8.0","- 0","- 0","- 0","- 0","- 0","1.0","- 0","- 0","- 0","- 0","- 0","5.3","4.6","3.5","2.7","1.1","0","- 0","- 0","- 0"
"05","ANTIOQUIA","05667","SAN RAFAEL","9.2","- 0","- 0","- 0","- 0","2.0","- 0","8.0","17.0","- 0","- 0","4.0","- 0","- 0","- 0","- 0","- 0","- 0","- 0","0","- 0","- 0","- 0"
"05","ANTIOQUIA","05670","SAN ROQUE","92.0","2.0","- 0","- 0","- 0","- 0","- 0","3.0","- 0","2.0","- 0","4.0","- 0","- 0","- 0","- 0","- 0","- 0","- 0","0","- 0","- 0","- 0"
"05","ANTIOQUIA","05686","SANTA ROSA DE OSOS","3.9","- 0","- 0","- 0","- 0","- 0","- 0","- 0","- 0","- 0","- 0","- 0","- 0","- 0","- 0","- 0","- 0","- 0","- 0","0","- 0","- 0","- 0"
"05","ANTIOQUIA","05736","SEGOVIA","211.6","355.0","58.0","152.0","403.0","604.0","436.0","307.0","305.0","316.0","202.0","98.0","19.0","38.0","58.1","143.9","191.9","306.6","198.3","200,1","226.9","262.7","244.7"
"05","ANTIOQUIA","05756","SONSÓN","1.0","- 0","55.0","25.0","41.0","84.0","25.0","70.0","16.0","45.0","44.0","10.0","10.0","3.0","2.7","2.3","- 0","- 0","- 0","0","2.6","3.9","11.0"
"05","ANTIOQUIA","05790","TARAZÁ","684.2","337.0","537.0","1,163.0","1,402.0","1,105.0","1,663.0","931.0","773.0","986.0","635.0","495.0","338.0","842.0","884.6","2,797.3","3,803.7","3,728.4","2,061.7","2.465,7","3,531.3","3,244.9","3,768.4"
"05","ANTIOQUIA","05819","TOLEDO","- 0","- 0","- 0","- 0","- 0","- 0","- 0","- 0","- 0","- 0","- 0","- 0","- 0","- 0","- 0","- 0","- 0","3.4","- 0","0","- 0","- 0","- 0"
"05","ANTIOQUIA","05837","TURBO","- 0","- 0","151.0","21.0","- 0","- 0","- 0","8.0","26.0","12.0","- 0","17.0","35.0","18.0","45.4","98.0","61.0","56.8","54.5","46,1","43.0","84.6","92.9"
"05","ANTIOQUIA","05842","URAMITA","3.6","- 0","- 0","- 0","- 0","- 0","- 0","- 0","- 0","- 0","- 0","- 0","- 0","- 0","- 0","- 0","- 0","- 0","- 0","0","- 0","- 0","- 0"
"05","ANTIOQUIA","05847","URRAO","- 0","- 0","- 0","14.0","- 0","1.0","3.0","- 0","- 0","22.0","32.0","17.0","5.0","- 0","- 0","- 0","- 0","- 0","- 0","0","- 0","- 0","- 0"
"05","ANTIOQUIA","05854","VALDIVIA","124.2","50.0","157.0","431.0","467.0","426.0","1,027.0","409.0","422.0","134.0","199.0","76.0","32.0","298.0","189.6","1,620.8","2,899.4","2,623.5","2,360.1","2.833,7","4,105.4","4,516.6","4,726.9"
"05","ANTIOQUIA","05858","VEGACHÍ","66.4","74.0","75.0","49.0","38.0","25.0","58.0","22.0","20.0","- 0","7.0","10.0","- 0","1.0","- 0","- 0","36.5","42.3","31.6","27,4","108.6","78.6","57.0"
"05","ANTIOQUIA","05873","VIGÍA DEL FUERTE","- 0","- 0","- 0","3.0","- 0","- 0","- 0","- 0","1.0","- 0","13.0","- 0","7.0","3.0","- 0","- 0","- 0","- 0","- 0","0","- 0","8.8","20.7"
"05","ANTIOQUIA","05885","YALÍ","89.8","47.0","46.0","27.0","22.0","- 0","53.0","- 0","6.0","- 0","- 0","- 0","- 0","10.0","12.4","17.7","52.3","58.3","31.0","40,4","77.7","45.0","36.3"
"05","ANTIOQUIA","05887","YARUMAL","2.0","2.0","- 0","68.0","6.0","17.0","8.0","- 0","9.0","2.0","3.0","- 0","1.0","13.0","3.2","40.0","93.9","87.6","71.0","79,7","113.8","125.1","145.3"
"05","ANTIOQUIA","05890","YOLOMBÓ","71.9","7.0","17.0","- 0","- 0","- 0","- 0","- 0","- 0","- 0","- 0","- 0","- 0","4.0","1.4","4.7","13.3","23.4","1.4","3,9","9.9","16.2","12.6"
"05","ANTIOQUIA","05893","YONDÓ (Casabe)","0.7","59.0","85.0","86.0","88.0","13.0","31.0","239.0","153.0","- 0","69.0","8.0","- 0","3.0","3.1","- 0","4.6","6.5","14.7","8,7","10.7","17.9","19.1"
"05","ANTIOQUIA","05895","ZARAGOZA","281.8","399.0","505.0","416.0","600.0","400.0","1,611.0","495.0","240.0","384.0","49.0","252.0","12.0","24.0","66.8","160.9","346.9","471.2","346.4","686","807.2","682.5","749.4"
"81","ARAUCA","81065","ARAUQUITA","1,325.1","1,647.0","293.8","939.0","1,165.0","775.0","1,090.0","205.0","200.0","123.0","42.0","58.0","44.0","16.0","9.1","6.3","116.6","7.4","- 0","0","- 0","- 0","- 0"
"81","ARAUCA","81300","FORTUL","265.8","165.0","71.3","252.0","249.0","158.0","519.0","39.0","72.0","46.0","24.0","5.0","3.0","3.0","1.2","- 0","- 0","- 0","- 0","0","- 0","- 0","- 0"
"81","ARAUCA","81591","PUERTO RONDÓN","44.0","34.0","- 0","10.0","36.0","50.0","18.0","15.0","8.0","3.0","2.0","- 0","1.0","2.0","1.9","- 0","4.6","- 0","- 0","0","- 0","- 0","- 0"
"81","ARAUCA","81736","SARAVENA","138.3","55.0","76.5","98.0","184.0","126.0","192.0","92.0","34.0","15.0","15.0","5.0","4.0","1.0","- 0","- 0","- 0","- 0","- 0","0","- 0","- 0","- 0"
"81","ARAUCA","81794","TAME","396.2","314.0","96.4","253.0","249.0","197.0","297.0","96.0","103.0","60.0","50.0","14.0","17.0","4.0","4.9","2.6","- 0","- 0","- 0","0","- 0","- 0","- 0"
"13","BOLÍVAR","13006","ACHÍ","1.0","- 0","- 0","- 0","3.0","- 0","20.0","- 0","14.0","60.0","5.0","12.0","1.0","6.0","3.8","9.1","12.5","12.5","8.2","5,7","4.9","9.3","28.9"
"13","BOLÍVAR","13030","ALTOS DEL ROSARIO","- 0","- 0","37.3","43.0","58.0","18.0","57.0","43.0","67.0","6.0","16.0","- 0","- 0","- 0","- 0","- 0","- 0","- 0","- 0","0","- 0","5.3","15.5"
"13","BOLÍVAR","13042","ARENAL","53.4","71.0","194.0","109.0","150.0","67.0","221.0","117.0","182.0","114.0","57.0","38.0","16.0","56.0","10.6","18.7","21.4","2.5","19.1","35,6","104.6","123.5","142.8"
"13","BOLÍVAR","13074","BARRANCO DE LOBA","- 0","- 0","51.3","53.0","82.0","29.0","63.0","31.0","68.0","22.0","16.0","- 0","- 0","- 0","- 0","- 0","- 0","- 0","- 0","0","- 0","45.0","60.6"
"13","BOLÍVAR","13160","CANTAGALLO","1,063.4","446.0","511.0","229.0","333.0","127.0","485.0","909.0","727.0","312.0","255.0","198.0","57.0","125.0","44.9","398.5","600.5","728.9","645.5","811,7","1,258.5","1,145.3","1,146.7"
"13","BOLÍVAR","13268","EL PEÑÓN","- 0","- 0","- 0","2.1","- 0","- 0","- 0","- 0","- 0","- 0","- 0","- 0","- 0","- 0","- 0","- 0","- 0","- 0","- 0","0","- 0","- 0","- 0"
"13","BOLÍVAR","13458","MONTECRISTO","103.1","45.0","231.0","287.0","255.0","237.0","1,239.0","734.0","679.0","709.0","535.0","234.0","163.0","279.0","214.1","522.1","510.9","716.5","635.2","576,6","688.0","616.2","849.0"
"13","BOLÍVAR","13473","MORALES","184.4","64.0","145.0","78.0","115.0","152.0","285.0","156.0","163.0","300.0","55.0","98.0","19.0","100.0","36.4","167.7","208.6","234.2","154.8","148,8","318.3","197.4","191.4"
"13","BOLÍVAR","13490","NOROSI","- 0","- 0","- 0","- 0","- 0","- 0","- 0","- 0","- 0","- 0","- 0","6.0","14.0","21.0","11.7","15.8","8.8","13.5","4.8","13,3","82.7","165.9","240.4"
"13","BOLÍVAR","13600","RIOVIEJO","194.5","166.0","288.0","242.0","323.0","178.0","357.0","230.0","276.0","163.0","66.0","15.0","9.0","23.0","11.5","8.2","15.1","2.1","18.4","66","100.2","143.6","151.3"
"13","BOLÍVAR","13655","SAN JACINTO DEL CAUCA","- 0","5.0","23.0","40.0","47.0","82.0","130.0","193.0","101.0","33.0","132.0","25.0","18.0","18.0","64.4","136.1","161.5","233.8","200.3","172,3","169.0","167.5","162.2"
"13","BOLÍVAR","13667","SAN MARTÍN DE LOBA","- 0","- 0","67.5","180.0","176.0","67.0","144.0","77.0","114.0","82.0","17.0","- 0","- 0","1.0","- 0","- 0","4.3","4.1","2.9","2,8","2.5","17.5","16.3"
"13","BOLÍVAR","13670","SAN PABLO","1,189.7","614.0","1,105.0","756.0","638.0","334.0","579.0","1,529.0","742.0","376.0","384.0","544.0","225.0","258.0","229.5","1,255.5","2,300.4","3,315.5","2,832.4","3.218,3","3,972.8","3,471.0","3,339.6"
"54","NORTE DE SANTANDER","54820","TOLEDO","80.1","9.0","8.9","- 0","- 0","- 0","- 0","- 0","- 0","- 0","- 0","- 0","- 0","- 0","- 0","- 0","- 0","- 0","- 0","0","- 0","- 0","- 0"
"13","BOLÍVAR","13688","SANTA ROSA DEL SUR","1,907.4","996.0","1,336.0","925.0","1,152.0","810.0","958.0","1,319.0","1,083.0","745.0","264.0","526.0","336.0","488.0","307.3","968.4","1,437.1","2,009.2","1,912.6","2.468","2,515.2","2,087.0","2,103.8"
"13","BOLÍVAR","13744","SIMITÍ","1,382.2","321.0","410.0","388.0","188.0","174.0","581.0","374.0","319.0","132.0","131.0","166.0","54.0","92.0","69.7","508.1","781.0","1,206.3","1,443.3","1.652,3","2,011.1","1,760.3","1,743.1"
"13","BOLÍVAR","13810","TIQUISIO (Puerto Rico)","61.5","7.0","72.0","69.0","150.0","107.0","513.0","135.0","242.0","270.0","274.0","106.0","13.0","98.0","39.2","86.2","117.0","134.5","87.7","201,9","286.7","413.4","578.9"
"15","BOYACÁ","15212","COPER","- 0","3.0","3.0","- 0","- 0","1.0","- 0","- 0","- 0","- 0","- 0","- 0","- 0","- 0","- 0","- 0","- 0","- 0","- 0","0","- 0","- 0","- 0"
"15","BOYACÁ","15223","CUBARÁ","47.3","6.0","8.0","- 0","- 0","- 0","- 0","8.0","4.0","7.0","- 0","- 0","- 0","1.0","- 0","- 0","- 0","- 0","- 0","0","- 0","- 0","- 0"
"15","BOYACÁ","15401","LA VICTORIA","- 0","- 0","- 0","- 0","- 0","- 0","- 0","- 0","1.0","- 0","- 0","- 0","- 0","- 0","- 0","- 0","- 0","- 0","- 0","0","- 0","- 0","- 0"
"15","BOYACÁ","15442","MARIPÍ","- 0","14.0","25.0","10.0","- 0","4.0","- 0","- 0","- 0","- 0","- 0","- 0","- 0","1.0","- 0","- 0","- 0","- 0","- 0","0","- 0","- 0","- 0"
"15","BOYACÁ","15480","MUZO","- 0","1.0","39.0","11.0","2.0","13.0","- 0","- 0","- 0","- 0","- 0","- 0","- 0","- 0","- 0","- 0","- 0","- 0","- 0","0","- 0","- 0","- 0"
"15","BOYACÁ","15507","OTANCHE","6.7","23.0","140.7","84.0","101.0","142.0","52.0","120.0","106.0","30.0","47.0","8.0","6.0","4.0","4.6","- 0","- 0","2.8","- 0","0","- 0","- 0","- 0"
"15","BOYACÁ","15531","PAUNA","1.0","10.0","22.0","10.0","14.0","54.0","- 0","- 0","- 0","- 0","- 0","- 0","3.0","3.0","- 0","- 0","- 0","- 0","- 0","0","- 0","- 0","- 0"
"15","BOYACÁ","15572","PUERTO BOYACÁ","28.5","43.0","309.0","215.0","206.0","197.0","22.0","65.0","56.0","68.0","38.0","2.0","8.0","5.0","3.2","15.0","22.0","13.7","4.2","6,4","18.0","47.3","53.7"
"15","BOYACÁ","15580","QUÍPAMA","- 0","3.0","27.0","15.0","10.0","6.0","- 0","- 0","6.0","- 0","1.0","- 0","- 0","- 0","- 0","- 0","- 0","- 0","- 0","0","- 0","- 0","- 0"
"15","BOYACÁ","15681","SAN PABLO DE BORBUR","- 0","15.0","19.0","13.0","9.0","20.0","5.0","4.0","10.0","- 0","8.0","- 0","- 0","- 0","- 0","- 0","- 0","- 0","- 0","0","- 0","- 0","- 0"
"15","BOYACÁ","15696","SANTA SOFÍA","- 0","- 0","1.3","- 0","- 0","- 0","- 0","- 0","- 0","- 0","- 0","- 0","- 0","- 0","- 0","- 0","- 0","- 0","- 0","0","- 0","- 0","- 0"
"15","BOYACÁ","15832","TUNUNGUÁ","- 0","- 0","- 0","1.1","- 0","4.0","- 0","- 0","- 0","- 0","- 0","- 0","- 0","- 0","- 0","- 0","- 0","- 0","- 0","0","- 0","- 0","- 0"
"17","CALDAS","17433","MANZANARES","- 0","- 0","0.8","- 0","- 0","- 0","- 0","- 0","- 0","- 0","- 0","- 0","- 0","- 0","- 0","- 0","- 0","- 0","- 0","0","- 0","- 0","- 0"
"17","CALDAS","17495","NORCASIA","- 0","- 0","43.0","313.0","46.0","51.0","28.0","39.0","38.0","8.0","9.0","8.0","- 0","- 0","- 0","- 0","- 0","- 0","- 0","0","- 0","- 0","- 0"
"17","CALDAS","17541","PENSILVANIA","- 0","- 0","- 0","1.1","7.5","14.0","7.0","12.0","2.0","7.0","7.0","- 0","- 0","- 0","- 0","- 0","- 0","- 0","- 0","0","- 0","- 0","- 0"
"17","CALDAS","17662","SAMANÁ","- 0","- 0","9.9","41.0","132.0","380.0","21.0","136.0","127.0","30.0","30.0","8.0","8.0","- 0","- 0","- 0","- 0","- 0","- 0","0","- 0","- 0","- 0"
"17","CALDAS","17867","VICTORIA","- 0","- 0","- 0","3.0","4.0","16.0","- 0","- 0","- 0","- 0","- 0","- 0","- 0","- 0","- 0","- 0","- 0","- 0","- 0","0","- 0","- 0","- 0"
"18","CAQUETÁ","18029","ALBANIA","180.0","125.0","122.0","698.0","149.0","106.0","61.0","10.0","12.0","7.0","7.0","2.0","7.0","18.0","32.5","53.6","63.3","61.9","30.1","37,2","58.2","94.1","123.9"
"18","CAQUETÁ","18094","BELÉN DE LOS ANDAQUÍES","40.0","64.0","135.0","112.0","157.0","132.0","30.0","185.0","63.0","79.0","193.0","89.0","85.0","92.0","132.0","147.2","201.4","303.9","110.2","0","13.3","120.5","95.7"
"18","CAQUETÁ","18150","CARTAGENA DEL CHAIRÁ","5,930.5","3,989.0","1,990.0","1,203.0","1,836.0","1,674.0","1,916.0","1,374.0","781.0","603.0","409.0","456.0","703.0","1,050.0","948.6","1,188.0","1,369.2","1,006.7","416.3","251,7","304.4","433.9","549.3"
"18","CAQUETÁ","18205","CURILLO","754.1","581.0","202.0","252.0","253.0","265.0","283.0","44.0","114.0","125.0","69.0","188.0","208.0","259.0","459.5","368.2","471.3","342.8","227.6","110,4","257.2","344.7","407.7"
"18","CAQUETÁ","18247","EL DONCELLO","41.0","3.0","22.1","13.0","52.0","52.0","84.0","102.0","143.0","55.0","70.0","101.0","68.0","233.0","303.5","552.8","455.0","413.4","23.4","12,4","50.0","31.0","21.6"
"18","CAQUETÁ","18256","EL PAUJIL","149.0","3.0","12.4","30.0","29.0","32.0","88.0","39.0","66.0","31.0","112.0","99.0","114.0","240.0","267.6","415.9","951.7","704.1","147.4","54,4","157.0","208.3","210.8"
"18","CAQUETÁ","18001","FLORENCIA","- 0","24.0","69.0","90.0","6.0","4.0","19.0","14.0","10.0","9.0","105.0","31.0","25.0","31.0","52.8","98.4","218.4","268.0","58.2","12,3","41.8","25.9","13.9"
"18","CAQUETÁ","18460","MILÁN","525.9","172.0","321.0","348.0","255.0","414.0","532.0","174.0","217.0","181.0","290.0","251.0","359.0","530.0","695.7","1,040.2","1,135.5","1,226.4","461.1","252,3","283.5","497.1","526.5"
"18","CAQUETÁ","18410","MONTAÑITA","568.6","201.0","535.0","188.0","316.0","292.0","637.0","315.0","267.0","239.0","409.0","649.0","816.0","1,335.0","1,503.5","1,743.7","2,491.7","2,989.7","822.9","462","694.8","956.4","1,159.8"
"18","CAQUETÁ","18479","MORELIA","2.0","4.0","0.6","554.0","2.0","18.0","5.0","5.0","6.0","1.0","1.0","5.0","10.0","- 0","1.0","- 0","16.1","21.0","1.1","0","- 0","- 0","- 0"
"18","CAQUETÁ","18592","PUERTO RICO","118.0","246.0","384.0","279.0","91.0","143.0","191.0","458.0","429.0","148.0","316.0","219.0","207.0","354.0","415.9","545.8","1,636.0","1,454.5","224.3","12,9","44.8","65.6","45.2"
"18","CAQUETÁ","18610","SAN JOSÉ DEL FRAGUA","653.8","655.0","425.0","209.0","311.0","245.0","353.0","92.0","119.0","145.0","304.0","552.0","488.0","611.0","1,083.9","1,030.8","1,414.5","1,592.8","1,409.8","430,6","781.9","1,202.0","1,208.2"
"18","CAQUETÁ","18753","SAN VICENTE DEL CAGUÁN","1,193.1","606.0","407.0","603.0","231.0","332.0","380.0","373.0","545.0","215.0","78.0","77.0","164.0","412.0","406.8","403.3","380.9","264.0","71.3","104,6","84.6","92.4","469.5"
"18","CAQUETÁ","18756","SOLANO","2,039.9","1,067.0","1,146.0","516.0","1,015.0","808.0","1,253.0","992.0","743.0","567.0","842.0","876.0","933.0","1,269.0","1,285.1","1,577.3","763.8","825.4","447.4","281,2","713.3","1,168.7","1,446.7"
"18","CAQUETÁ","18785","SOLITA","757.9","380.0","769.0","309.0","103.0","214.0","195.0","64.0","121.0","78.0","23.0","30.0","29.0","26.0","31.6","34.6","42.2","55.2","8.8","5,2","8.5","41.8","40.8"
"18","CAQUETÁ","18860","VALPARAÍSO","832.5","292.0","690.0","1,094.0","182.0","236.0","291.0","62.0","123.0","95.0","99.0","69.0","106.0","82.0","92.4","143.5","182.5","232.0","51.7","27,6","175.2","331.7","270.4"
"19","CAUCA","19022","ALMAGUER","- 0","- 0","- 0","- 0","- 0","- 0","- 0","- 0","- 0","4.0","- 0","- 0","- 0","- 0","- 0","- 0","- 0","- 0","- 0","0","- 0","- 0","- 0"
"19","CAUCA","19050","ARGELIA","206.3","218.0","93.0","65.0","153.0","161.0","637.0","483.0","300.0","296.0","200.0","470.0","121.0","1,328.0","959.7","1,754.5","1,956.5","2,370.0","2,351.5","2.549,6","2,850.0","3,086.0","3,319.0"
"19","CAUCA","19075","BALBOA","19.0","- 0","94.0","23.0","24.0","91.0","192.0","15.0","49.0","77.0","62.0","43.0","24.0","80.0","223.8","112.3","82.3","198.4","321.4","294","561.5","499.9","1,149.4"
"19","CAUCA","19100","BOLÍVAR","- 0","- 0","0.7","- 0","3.0","21.0","14.0","4.0","108.0","142.0","16.0","20.0","1.0","24.0","49.0","51.7","85.3","15.9","4.2","9,6","194.9","78.7","- 0"
"19","CAUCA","19110","BUENOS AIRES","- 0","- 0","- 0","- 0","- 0","- 0","- 0","10.0","5.0","- 0","- 0","- 0","- 0","16.0","27.0","2.2","64.5","125.7","442.8","507,2","930.4","794.3","1,467.5"
"19","CAUCA","19130","CAJIBÍO","30.5","- 0","- 0","- 0","4.0","- 0","- 0","- 0","2.0","- 0","- 0","7.0","- 0","15.0","69.0","132.5","407.2","323.1","355.1","235,2","325.6","364.4","567.5"
"19","CAUCA","19137","CALDONO","- 0","- 0","- 0","- 0","- 0","- 0","- 0","- 0","- 0","- 0","- 0","- 0","- 0","- 0","- 0","- 0","- 0","- 0","- 0","0","66.1","76.4","25.3"
"19","CAUCA","19142","CALOTO","- 0","- 0","- 0","- 0","- 0","- 0","- 0","- 0","- 0","- 0","- 0","- 0","- 0","- 0","16.1","26.3","- 0","1.6","18.5","10","8.1","7.6","11.1"
"19","CAUCA","19212","CORINTO","- 0","- 0","- 0","- 0","- 0","- 0","- 0","- 0","- 0","- 0","- 0","- 0","- 0","- 0","26.7","38.9","- 0","10.5","10.9","8,5","11.3","8.5","21.5"
"19","CAUCA","19256","EL TAMBO","1,303.0","698.0","187.0","203.0","629.0","307.0","803.0","1,240.0","1,284.0","1,560.0","1,514.0","1,876.0","1,297.0","2,522.0","3,468.2","5,300.3","6,661.0","7,243.0","7,102.5","7.483,6","8,737.4","9,223.6","9,392.2"
"19","CAUCA","19290","FLORENCIA","- 0","- 0","- 0","- 0","- 0","8.0","- 0","- 0","12.0","29.0","- 0","- 0","- 0","- 0","- 0","- 0","- 0","- 0","- 0","0","- 0","- 0","- 0"
"19","CAUCA","19318","GUAPI","55.4","102.0","146.0","374.0","489.0","121.0","414.0","1,434.0","1,368.0","1,022.0","984.0","396.0","182.0","191.0","256.9","525.8","720.9","678.6","634.9","594,7","1,825.2","1,558.9","1,610.5"
"19","CAUCA","19364","JAMBALÓ","- 0","- 0","- 0","- 0","- 0","- 0","- 0","- 0","- 0","- 0","- 0","- 0","- 0","- 0","- 0","- 0","- 0","- 0","69.0","39,1","60.5","35.9","22.3"
"19","CAUCA","19392","LA SIERRA","- 0","- 0","- 0","- 0","- 0","- 0","- 0","4.0","- 0","- 0","- 0","- 0","- 0","- 0","- 0","- 0","- 0","- 0","- 0","0","- 0","- 0","- 0"
"19","CAUCA","19397","LA VEGA","- 0","- 0","- 0","- 0","- 0","8.0","- 0","1.0","- 0","- 0","- 0","- 0","- 0","- 0","- 0","- 0","- 0","- 0","- 0","0","- 0","- 0","- 0"
"19","CAUCA","19418","LÓPEZ","58.0","97.0","15.0","59.0","63.0","79.0","273.0","476.0","921.0","791.0","1,040.0","341.0","548.0","686.0","867.2","941.4","1,468.0","1,319.8","1,308.3","1.085,1","1,774.6","1,656.5","1,866.4"
"19","CAUCA","19450","MERCADERES","- 0","- 0","3.0","- 0","- 0","31.0","8.0","- 0","75.0","137.0","420.0","17.0","21.0","120.0","95.1","140.7","126.5","25.1","- 0","0","45.5","25.3","- 0"
"19","CAUCA","19455","MIRANDA","- 0","- 0","- 0","- 0","- 0","- 0","- 0","- 0","- 0","- 0","- 0","- 0","- 0","- 0","3.7","6.0","- 0","2.3","58.7","34,5","38.5","30.9","14.4"
"19","CAUCA","19473","MORALES","102.0","- 0","- 0","- 0","9.0","10.0","118.0","29.0","32.0","55.0","32.0","76.0","17.0","70.0","155.3","166.9","340.3","309.8","361.7","393,4","648.8","783.8","1,532.3"
"19","CAUCA","19532","PATÍA  (El Bordo)","- 0","- 0","- 0","- 0","6.0","83.0","48.0","105.0","109.0","82.0","51.0","58.0","76.0","97.0","203.5","328.0","350.3","405.0","377.0","485,3","865.9","1,110.3","2,908.5"
"19","CAUCA","19533","PIAMONTE","899.2","818.0","651.0","281.0","517.0","594.0","669.0","523.0","165.0","131.0","253.0","516.0","461.0","602.0","1,166.9","1,458.5","1,780.4","1,997.2","1,905.1","867,1","1,550.1","2,771.2","2,932.9"
"19","CAUCA","19548","PIENDAMÓ","- 0","- 0","- 0","- 0","- 0","- 0","- 0","- 0","- 0","- 0","- 0","- 0","- 0","- 0","- 0","- 0","- 0","- 0","- 0","0","8.6","12.5","58.2"
"19","CAUCA","19622","ROSAS","- 0","- 0","- 0","- 0","- 0","- 0","- 0","- 0","- 0","- 0","- 0","- 0","- 0","- 0","- 0","- 0","2.8","3.9","- 0","0","10.9","12.8","52.1"
"19","CAUCA","19701","SANTA ROSA","- 0","3.0","0.4","- 0","229.0","135.0","- 0","16.0","12.0","- 0","- 0","- 0","- 0","- 0","- 0","- 0","- 0","- 0","54.9","0","- 0","68.7","64.3"
"19","CAUCA","19698","SANTANDER DE QUILICHAO","- 0","- 0","- 0","- 0","- 0","- 0","- 0","- 0","- 0","- 0","- 0","- 0","- 0","- 0","- 0","- 0","- 0","- 0","- 0","5,5","356.1","166.0","157.4"
"19","CAUCA","19760","SOTARÁ (Paispamba)","24.0","- 0","- 0","- 0","- 0","- 0","- 0","- 0","- 0","- 0","- 0","- 0","- 0","- 0","- 0","- 0","- 0","- 0","- 0","0","- 0","- 0","- 0"
"19","CAUCA","19780","SUÁREZ","2.0","- 0","- 0","- 0","- 0","- 0","32.0","32.0","4.0","1.0","- 0","- 0","1.0","49.0","139.7","170.5","267.2","383.5","501.7","668,5","804.7","923.5","1,580.9"
"19","CAUCA","19785","SUCRE","- 0","- 0","- 0","- 0","- 0","- 0","- 0","- 0","- 0","- 0","- 0","- 0","5.0","17.0","15.6","18.7","13.5","6.8","4.0","8,5","46.2","28.2","- 0"
"19","CAUCA","19807","TIMBÍO","40.9","- 0","- 0","- 0","- 0","3.0","- 0","- 0","- 0","- 0","- 0","- 0","- 0","- 0","- 0","- 0","- 0","- 0","- 0","0","- 0","1.4","18.4"
"19","CAUCA","19809","TIMBIQUÍ","188.7","185.0","253.0","260.3","579.0","453.0","960.0","1,050.0","1,698.0","1,581.0","1,494.0","507.0","572.0","572.0","907.5","1,405.7","1,633.5","1,696.9","1,464.0","1.263","3,376.1","2,896.8","3,071.8"
"19","CAUCA","19821","TORIBÍO","- 0","- 0","- 0","- 0","- 0","- 0","- 0","- 0","- 0","- 0","- 0","- 0","- 0","- 0","9.5","14.9","- 0","- 0","10.0","1,5","2.4","1.0","- 0"
"20","CESAR","20178","CHIRIGUANÁ","- 0","- 0","- 0","- 0","- 0","- 0","- 0","- 0","- 0","- 0","- 0","- 0","- 0","- 0","- 0","- 0","2.4","- 0","- 0","0","- 0","- 0","- 0"
"20","CESAR","20310","GONZÁLEZ","- 0","- 0","- 0","- 0","- 0","- 0","- 0","- 0","- 0","- 0","- 0","5.0","4.0","2.0","16.2","6.6","7.8","7.1","23.6","28,5","9.3","7.7","- 0"
"20","CESAR","20517","PAILITAS","- 0","- 0","- 0","- 0","- 0","- 0","- 0","5.0","- 0","- 0","- 0","- 0","- 0","- 0","- 0","- 0","- 0","- 0","- 0","0","- 0","- 0","- 0"
"20","CESAR","20710","SAN ALBERTO","- 0","- 0","- 0","- 0","- 0","- 0","- 0","- 0","- 0","- 0","- 0","4.0","6.0","5.0","15.5","17.3","10.7","13.8","6.3","2","- 0","- 0","- 0"
"20","CESAR","20770","SAN MARTÍN","- 0","- 0","- 0","- 0","- 0","- 0","- 0","- 0","- 0","- 0","- 0","3.0","3.0","3.0","1.6","2.6","3.4","10.2","8.3","1,7","1.3","- 0","- 0"
"27","CHOCÓ","27006","ACANDÍ","- 0","- 0","- 0","- 0","- 0","- 0","- 0","- 0","- 0","- 0","6.0","4.0","2.0","4.0","3.3","2.2","9.0","4.5","4.8","1,7","1.3","6.3","6.6"
"27","CHOCÓ","27025","ALTO BAUDÓ (Pie de Pató)","- 0","- 0","45.0","12.0","104.0","7.0","259.0","391.0","159.0","489.0","196.0","268.0","105.0","135.0","47.9","58.0","39.2","21.6","38.8","34,1","115.8","173.9","245.1"
"27","CHOCÓ","27050","ATRATO (Yuto)","- 0","- 0","- 0","- 0","- 0","- 0","- 0","- 0","4.0","- 0","- 0","8.0","2.0","- 0","- 0","- 0","- 0","- 0","- 0","0","- 0","1.8","1.6"
"27","CHOCÓ","27075","BAHÍA SOLANO (Mutis)","- 0","- 0","- 0","- 0","- 0","- 0","- 0","- 0","- 0","7.0","- 0","- 0","- 0","- 0","- 0","- 0","- 0","- 0","- 0","0","- 0","- 0","- 0"
"27","CHOCÓ","27077","BAJO BAUDÓ  (Pizarro)","- 0","- 0","177.0","78.0","332.0","82.0","353.0","1,114.0","147.0","341.0","248.0","562.0","145.0","218.0","131.2","138.2","79.8","53.7","21.5","16,4","91.5","101.6","75.6"
"27","CHOCÓ","27099","BOJAYÁ (Bellavista)","- 0","- 0","- 0","- 0","- 0","- 0","- 0","- 0","- 0","- 0","4.0","2.0","- 0","- 0","- 0","- 0","- 0","- 0","- 0","0","- 0","- 0","- 0"
"27","CHOCÓ","27150","CARMEN DEL DARIÉN  (Curbaradó)","- 0","- 0","- 0","- 0","- 0","- 0","- 0","- 0","- 0","- 0","- 0","63.0","76.0","23.0","48.1","98.3","160.0","153.4","232.4","192,7","778.9","702.6","1,035.4"
"27","CHOCÓ","27205","CONDOTO","- 0","- 0","- 0","1.0","3.0","- 0","6.0","55.0","13.0","33.0","59.0","10.0","7.0","10.0","20.6","3.4","13.5","11.4","11.2","7,9","20.9","10.3","15.0"
"27","CHOCÓ","27135","EL CANTÓN DEL SAN PABLO","- 0","- 0","1.4","12.0","48.0","- 0","25.0","52.0","63.0","133.0","68.0","58.0","29.0","50.0","47.8","34.8","11.7","5.5","- 0","0","19.2","22.0","29.4"
"27","CHOCÓ","27250","EL LITORAL DEL SAN JUAN","- 0","- 0","- 0","1.3","2.0","3.0","11.0","102.0","24.0","60.0","36.0","144.0","67.0","120.0","38.0","98.4","184.5","138.4","59.4","50,9","63.5","81.9","100.8"
"27","CHOCÓ","27361","ISTMINA","- 0","- 0","57.0","36.0","196.0","210.0","205.0","425.0","497.0","847.0","684.0","760.0","369.0","517.0","303.1","476.7","743.1","577.4","228.9","200,2","462.8","311.8","390.3"
"27","CHOCÓ","27372","JURADÓ","- 0","- 0","- 0","- 0","- 0","- 0","- 0","- 0","- 0","13.0","18.0","9.0","9.0","- 0","- 0","- 0","- 0","- 0","- 0","0","- 0","- 0","- 0"
"27","CHOCÓ","27413","LLORÓ","- 0","- 0","- 0","- 0","- 0","- 0","- 0","- 0","- 0","10.0","- 0","4.0","- 0","- 0","- 0","- 0","1.4","- 0","- 0","4,2","13.5","8.0","2.1"
"27","CHOCÓ","27425","MEDIO ATRATO (Beté)","- 0","- 0","- 0","- 0","- 0","- 0","- 0","- 0","- 0","4.0","3.0","4.0","- 0","- 0","- 0","- 0","- 0","- 0","- 0","0","- 0","- 0","- 0"
"27","CHOCÓ","27430","MEDIO BAUDÓ (Boca de Pepé)","- 0","- 0","4.2","11.0","68.0","24.0","77.0","228.0","254.0","333.0","352.0","606.0","177.0","231.0","134.8","68.9","64.5","43.4","36.6","39,8","161.5","170.2","315.4"
"27","CHOCÓ","27450","MEDIO SAN JUAN (Andagoya)","- 0","- 0","- 0","- 0","- 0","- 0","- 0","- 0","- 0","- 0","- 0","305.0","192.0","153.0","304.9","136.3","305.1","225.0","81.2","82,5","249.0","218.3","358.1"
"27","CHOCÓ","27491","NÓVITA","- 0","- 0","93.0","30.0","90.0","237.0","76.0","215.0","190.0","249.0","464.0","165.0","91.0","53.0","78.9","75.3","162.3","130.3","69.3","61,9","143.7","133.9","135.5"
"27","CHOCÓ","27495","NUQUÍ","- 0","- 0","- 0","2.0","5.0","2.0","8.0","23.0","19.0","13.0","12.0","33.0","3.0","6.0","- 0","- 0","- 0","- 0","- 0","0","- 0","- 0","- 0"
"27","CHOCÓ","27001","QUIBDÓ","- 0","- 0","- 0","- 0","3.0","3.0","3.0","7.0","42.0","26.0","14.0","25.0","11.0","2.0","5.8","3.8","7.2","3.5","5.1","12,6","26.1","27.1","46.4"
"27","CHOCÓ","27580","RÍO IRÓ (Santa Rita)","- 0","- 0","- 0","- 0","- 0","- 0","- 0","- 0","- 0","- 0","- 0","12.0","12.0","13.0","14.1","7.9","27.7","16.3","6.5","9,9","26.3","16.5","39.7"
"27","CHOCÓ","27600","RÍO QUITO (Paimadó)","- 0","- 0","- 0","9.0","21.0","- 0","22.0","9.0","- 0","30.0","16.0","16.0","3.0","3.0","2.6","- 0","- 0","- 0","- 0","0","10.5","3.4","9.5"
"27","CHOCÓ","27615","RIOSUCIO","354.0","- 0","- 0","- 0","- 0","- 0","- 0","- 0","75.0","243.0","86.0","196.0","130.0","40.0","90.7","35.8","113.9","104.0","148.8","155,7","1,036.1","1,055.8","1,643.6"
"27","CHOCÓ","27660","SAN JOSÉ DEL PALMAR","- 0","- 0","- 0","- 0","- 0","- 0","7.0","94.0","57.0","107.0","104.0","43.0","92.0","47.0","44.4","323.4","392.5","391.6","180.9","253,8","1,040.4","1,614.0","1,477.7"
"27","CHOCÓ","27745","SIPÍ","- 0","- 0","76.0","127.0","150.0","248.0","28.0","74.0","122.0","191.0","130.0","125.0","106.0","99.0","91.3","217.9","258.0","247.0","110.1","168,4","382.1","470.1","428.6"
"27","CHOCÓ","27787","TADÓ","- 0","- 0","- 0","2.0","1.5","- 0","- 0","5.0","- 0","- 0","4.0","3.0","2.0","3.0","5.5","3.2","2.7","- 0","- 0","0","- 0","- 0","- 0"
"27","CHOCÓ","27800","UNGUÍA","- 0","- 0","- 0","- 0","- 0","- 0","- 0","- 0","- 0","29.0","6.0","4.0","31.0","14.0","75.9","20.7","34.7","28.3","12.7","175,2","417.5","425.3","525.8"
"27","CHOCÓ","27810","UNIÓN PANAMERICANA (Ánimas)","- 0","- 0","- 0","2.1","1.4","- 0","- 0","- 0","- 0","- 0","1.0","- 0","- 0","- 0","- 0","- 0","- 0","- 0","- 0","0","- 0","- 0","- 0"
"23","CÓRDOBA","23350","LA APARTADA","6.6","- 0","- 0","- 0","- 0","- 0","- 0","- 0","- 0","- 0","- 0","- 0","- 0","- 0","- 0","- 0","- 0","- 0","- 0","0","- 0","- 0","- 0"
"23","CÓRDOBA","23466","MONTELÍBANO","40.6","66.0","232.7","428.0","1,021.0","376.0","360.0","621.0","681.0","835.0","240.0","224.0","43.0","77.0","186.7","573.9","1,181.1","974.0","540.6","762","1,143.3","1,054.7","1,295.0"
"23","CÓRDOBA","23580","PUERTO LIBERTADOR","270.8","141.0","193.0","339.0","978.0","447.0","1,084.0","464.0","728.0","579.0","243.0","214.0","36.0","64.0","207.5","570.6","1,412.2","1,013.9","855.9","1.149","1,374.3","1,318.8","1,539.1"
"23","CÓRDOBA","23682","SAN JOSÉ DE URÉ","- 0","- 0","- 0","- 0","- 0","- 0","- 0","- 0","- 0","- 0","- 0","99.0","13.0","42.0","98.0","231.9","552.7","441.7","340.9","514,2","575.8","520.4","694.8"
"23","CÓRDOBA","23807","TIERRALTA","322.0","178.0","399.0","669.0","1,124.0","389.0","414.0","624.0","1,360.0","2,474.0","604.0","509.0","341.0","376.0","858.6","1,290.1","1,629.7","2,201.3","1,140.2","1.319,8","2,379.5","3,451.5","3,873.0"
"23","CÓRDOBA","23855","VALENCIA","- 0","- 0","13.0","99.0","13.0","4.0","- 0","1.0","12.0","1.0","1.0","- 0","6.0","1.0","12.3","1.8","4.7","5.5","4.3","3,8","7.7","18.3","23.7"
"25","CUNDINAMARCA","25148","CAPARRAPÍ","- 0","- 0","- 0","- 0","- 0","3.0","4.0","- 0","- 0","1.0","1.0","- 0","- 0","- 0","- 0","- 0","- 0","- 0","- 0","0","- 0","- 0","- 0"
"25","CUNDINAMARCA","25518","PAIME","- 0","- 0","12.0","4.0","- 0","2.0","2.0","- 0","- 0","- 0","- 0","- 0","- 0","- 0","- 0","- 0","- 0","- 0","- 0","0","- 0","- 0","- 0"
"25","CUNDINAMARCA","25823","TOPAIPÍ","- 0","- 0","5.9","8.0","- 0","2.0","1.0","- 0","- 0","- 0","- 0","- 0","- 0","- 0","- 0","- 0","- 0","- 0","- 0","0","- 0","- 0","- 0"
"25","CUNDINAMARCA","25885","YACOPÍ","1.6","57.0","39.0","60.0","56.0","113.0","124.0","12.0","- 0","31.0","17.0","- 0","- 0","- 0","- 0","- 0","- 0","- 0","- 0","0","- 0","- 0","- 0"
"94","GUAINÍA","94343","BARRANCO MINA (Cor. Departamental)","363.8","232.0","405.0","342.0","396.0","362.0","308.0","155.0","275.0","122.0","89.0","67.0","30.0","11.0","4.3","2.3","- 0","- 0","- 0","0","- 0","- 0","- 0"
"94","GUAINÍA","94001","INIRIDA","276.0","247.0","137.0","134.0","182.0","186.0","150.0","187.0","114.0","147.0","135.0","105.0","27.0","19.0","- 0","- 0","- 0","- 0","- 0","0","- 0","- 0","- 0"
"94","GUAINÍA","94663","MAPIRIPANA (Cor. Departamental)","- 0","- 0","- 0","- 0","- 0","- 0","- 0","- 0","- 0","- 0","- 0","50.0","19.0","28.0","16.7","3.5","3.7","- 0","- 0","0","- 0","- 0","- 0"
"94","GUAINÍA","94888","MORICHAL (Morichal Nuevo) (Cor. Departamental)","221.0","114.0","162.0","185.0","117.0","164.0","102.0","117.0","77.0","93.0","66.0","62.0","4.0","3.0","15.7","15.9","26.8","41.2","22.3","19,2","48.7","36.9","41.7"
"94","GUAINÍA","94887","PANÁ PANÁ (Campo Alegre) (Cor. Departamental)","68.0","38.0","7.0","43.0","38.0","27.0","28.0","40.0","30.0","29.0","28.0","12.0","1.0","2.0","- 0","- 0","- 0","- 0","- 0","0","- 0","- 0","- 0"
"94","GUAINÍA","94884","PUERTO COLOMBIA (Cor. Departamental)","191.0","117.0","15.0","17.3","19.0","14.0","35.0","126.0","42.0","55.0","- 0","5.0","- 0","3.0","- 0","- 0","- 0","- 0","- 0","0","- 0","- 0","- 0"
"95","GUAVIARE","95015","CALAMAR","4,966.0","4,297.0","2,172.0","1,186.0","1,175.0","1,497.0","1,147.0","808.0","721.0","546.0","862.0","458.0","399.0","614.0","455.2","542.3","416.4","241.8","144.5","189,3","202.6","190.3","158.6"
"95","GUAVIARE","95025","EL RETORNO","4,231.0","4,458.0","5,070.0","3,183.0","2,648.0","2,799.0","3,272.0","2,415.0","2,371.0","1,732.0","1,701.0","1,028.0","1,314.0","1,600.0","1,615.4","2,191.6","1,405.7","1,545.1","1,194.7","1.265,3","1,648.8","2,191.9","2,182.3"
"95","GUAVIARE","95200","MIRAFLORES","11,777.1","14,606.0","2,248.0","1,646.0","1,704.0","1,382.0","1,699.0","1,263.0","2,325.0","1,719.0","2,590.0","1,391.0","1,780.0","1,922.0","1,851.5","2,297.2","1,699.3","1,378.4","1,021.8","1.060,4","1,297.3","1,116.0","1,032.0"
"95","GUAVIARE","95001","SAN JOSÉ DEL GUAVIARE","3,089.5","4,019.0","6,673.0","3,755.0","3,131.0","3,799.0","3,181.0","2,143.0","2,907.0","1,704.0","1,686.0","973.0","1,232.0","1,522.0","1,501.0","1,807.0","1,401.3","1,174.6","757.8","711,6","1,286.6","1,436.6","1,597.5"
"44","LA GUAJIRA","44090","DIBULLA","193.7","349.0","275.3","556.0","327.0","166.0","87.0","160.0","163.0","132.0","16.0","10.0","6.0","- 0","- 0","- 0","1.7","1.6","- 0","0","- 0","- 0","- 0"
"44","LA GUAJIRA","44001","RIOHACHA","- 0","5.0","0.2","- 0","2.0","- 0","- 0","- 0","- 0","2.0","- 0","- 0","- 0","- 0","- 0","- 0","- 0","- 0","- 0","0","- 0","- 0","- 0"
"47","MAGDALENA","47053","ARACATACA","- 0","- 0","- 0","- 0","- 0","- 0","- 0","- 0","22.0","36.0","13.0","6.0","1.0","1.0","2.1","- 0","- 0","- 0","- 0","0","- 0","- 0","- 0"
"47","MAGDALENA","47189","CIÉNAGA","11.7","1.0","45.1","6.0","- 0","13.0","1.0","23.0","4.0","20.0","3.0","3.0","- 0","- 0","- 0","- 0","- 0","- 0","- 0","0","- 0","- 0","- 0"
"47","MAGDALENA","47288","FUNDACIÓN","- 0","- 0","- 0","- 0","- 0","- 0","- 0","- 0","15.0","- 0","- 0","- 0","1.0","- 0","- 0","- 0","- 0","- 0","- 0","0","- 0","- 0","- 0"
"47","MAGDALENA","47001","SANTA MARTA (Distrito Turístico Cultural e Histórico)","438.6","643.0","439.0","700.0","213.0","258.0","277.0","368.0","111.0","65.0","30.0","28.0","35.0","8.0","4.7","34.9","7.9","12.5","6.9","2,1","2.5","3.0","2.2"
"50","META","50350","LA MACARENA","4,203.1","2,084.0","1,033.0","1,422.0","660.0","574.0","565.0","218.0","189.0","186.0","151.0","228.0","307.0","1,431.0","1,333.1","1,635.2","1,647.6","560.2","177.9","53,9","73.8","77.0","167.9"
"50","META","50400","LEJANÍAS","- 0","- 0","- 0","- 0","- 0","- 0","- 0","- 0","- 0","- 0","- 0","- 0","- 0","3.0","- 0","- 0","- 0","- 0","- 0","0","- 0","- 0","- 0"
"50","META","50325","MAPIRIPÁN","1,805.4","2,141.0","5,368.0","2,657.0","2,658.0","3,311.0","2,230.0","2,180.0","2,123.0","1,144.0","1,109.0","144.0","437.0","180.0","235.3","338.4","315.7","231.9","134.8","130,5","284.6","445.8","537.0"
"50","META","50330","MESETAS","533.7","619.0","533.0","262.0","143.0","67.0","56.0","62.0","19.0","7.0","- 0","29.0","37.0","79.0","78.5","104.2","86.7","45.2","- 0","0","- 0","- 0","- 0"
"50","META","50450","PUERTO CONCORDIA","147.2","299.0","769.0","943.0","363.0","439.0","182.0","75.0","82.0","76.0","91.0","70.0","49.0","82.0","50.3","63.9","77.8","35.0","19.0","14","14.2","30.9","46.8"
"50","META","50568","PUERTO GAITÁN","111.4","147.0","641.0","1,518.0","168.0","214.0","231.0","386.0","212.0","181.0","122.0","86.0","7.0","3.0","- 0","- 0","- 0","- 0","- 0","0","- 0","- 0","- 0"
"50","META","50577","PUERTO LLERAS","45.8","102.0","171.0","1,261.0","1,511.0","578.0","494.0","134.0","30.0","13.0","20.0","31.0","14.0","8.0","13.4","27.4","24.2","9.3","- 0","0","- 0","- 0","- 0"
"50","META","50573","PUERTO LÓPEZ","- 0","- 0","0.3","- 0","- 0","- 0","- 0","- 0","- 0","- 0","- 0","- 0","- 0","- 0","- 0","- 0","- 0","- 0","- 0","0","- 0","- 0","- 0"
"50","META","50590","PUERTO RICO","1,701.2","2,426.0","2,437.0","6,393.0","7,040.0","3,519.0","2,658.0","938.0","860.0","757.0","883.0","1,064.0","1,101.0","1,616.0","1,619.7","1,592.8","1,773.2","1,081.9","616.8","578,9","746.0","748.3","846.1"
"50","META","50683","SAN JUAN DE ARAMA","35.3","17.0","17.0","18.0","49.0","17.0","116.0","39.0","27.0","87.0","48.0","29.0","91.0","121.0","155.8","48.4","70.3","46.1","24.3","19,5","15.7","17.7","30.1"
"50","META","50689","SAN MARTÍN","- 0","3.0","7.1","161.0","8.0","23.0","1.0","- 0","- 0","- 0","19.0","- 0","- 0","- 0","- 0","- 0","- 0","- 0","- 0","0","- 0","- 0","- 0"
"50","META","50370","URIBE","880.2","452.0","481.0","632.0","264.0","32.0","61.0","6.0","8.0","36.0","72.0","110.0","49.0","182.0","162.8","202.3","108.8","78.4","4.6","10,8","- 0","- 0","- 0"
"50","META","50711","VISTAHERMOSA","1,283.2","929.0","1,357.0","3,473.0","4,441.0","2,289.0","3,792.0","1,487.0","745.0","521.0","524.0","908.0","806.0","1,337.0","1,353.2","1,451.3","1,473.1","856.6","488.2","427,3","505.6","513.9","566.4"
"52","NARIÑO","52036","ANCUYA","- 0","- 0","- 0","- 0","43.0","- 0","17.0","2.0","3.0","- 0","- 0","- 0","- 0","3.0","21.0","24.3","45.6","24.6","16.3","14,9","56.1","57.7","40.0"
"52","NARIÑO","52079","BARBACOAS","713.7","2,187.0","2,767.0","1,469.0","1,920.0","1,460.0","1,586.0","3,080.0","2,928.0","3,433.0","3,193.0","1,815.0","1,511.0","1,330.0","2,453.5","3,359.4","4,590.5","3,516.3","3,138.1","2.569,4","3,463.2","3,773.1","4,367.8"
"52","NARIÑO","52110","BUESACO","- 0","- 0","- 0","- 0","- 0","- 0","- 0","- 0","- 0","- 0","- 0","4.0","- 0","- 0","- 0","- 0","- 0","- 0","- 0","0","- 0","- 0","- 0"
"52","NARIÑO","52207","CONSACÁ","- 0","- 0","- 0","- 0","5.0","- 0","- 0","- 0","- 0","- 0","- 0","- 0","- 0","- 0","- 0","- 0","- 0","- 0","- 0","0","- 0","- 0","- 0"
"52","NARIÑO","52210","CONTADERO","2.0","- 0","- 0","- 0","- 0","- 0","- 0","- 0","- 0","- 0","- 0","- 0","- 0","- 0","- 0","- 0","- 0","- 0","- 0","0","- 0","- 0","- 0"
"52","NARIÑO","52215","CÓRDOBA","1.0","- 0","- 0","- 0","- 0","- 0","- 0","- 0","- 0","- 0","- 0","- 0","- 0","- 0","- 0","- 0","- 0","- 0","- 0","0","- 0","- 0","- 0"
"52","NARIÑO","52227","CUMBAL","- 0","- 0","- 0","- 0","- 0","2.0","- 0","- 0","- 0","- 0","- 0","- 0","- 0","- 0","- 0","- 0","- 0","- 0","- 0","0","- 0","- 0","- 0"
"52","NARIÑO","52233","CUMBITARA","3.0","140.0","301.0","127.2","329.0","483.0","452.0","250.0","451.0","221.0","194.0","97.0","115.0","107.0","209.5","527.3","666.8","778.2","684.4","504","1,387.8","1,211.7","1,164.3"
"52","NARIÑO","52250","EL CHARCO","984.5","798.0","699.0","649.0","741.0","741.0","1,728.0","2,202.0","1,130.0","748.0","1,080.0","702.0","1,020.0","1,263.0","1,417.8","2,819.9","4,630.7","5,147.7","5,318.3","4.674","8,952.4","8,694.7","9,258.0"
"52","NARIÑO","52254","EL PEÑOL","- 0","- 0","- 0","- 0","- 0","- 0","91.0","- 0","19.0","86.0","- 0","- 0","1.0","23.0","34.9","51.2","97.3","55.8","50.4","36,6","79.4","72.6","66.0"
"52","NARIÑO","52256","EL ROSARIO","28.2","102.0","230.0","221.0","508.0","372.0","434.0","273.0","290.0","253.0","203.0","169.0","127.0","133.0","244.6","573.9","765.4","842.5","782.2","659,1","1,576.8","1,463.4","1,470.1"
"52","NARIÑO","52260","EL TAMBO","- 0","- 0","- 0","- 0","7.0","- 0","13.0","2.0","4.0","65.0","- 0","- 0","1.0","20.0","114.3","97.6","176.3","98.5","60.1","47,7","115.6","98.9","50.9"
"52","NARIÑO","52520","FRANCISCO PIZARRO (Salahonda)","37.4","45.0","16.0","107.0","153.0","192.0","501.0","407.0","189.0","189.0","207.0","59.0","61.0","66.0","91.8","157.4","258.1","304.8","347.5","316,4","501.5","537.7","563.9"
"52","NARIÑO","52356","IPIALES","1,130.5","350.0","212.0","520.0","629.0","357.0","123.0","215.0","192.0","139.0","247.0","162.0","370.0","664.0","887.5","1,132.1","1,273.7","928.5","1,204.2","967,3","1,282.1","1,815.8","1,974.5"
"52","NARIÑO","52381","LA FLORIDA","- 0","- 0","- 0","- 0","- 0","- 0","- 0","- 0","- 0","- 0","- 0","- 0","- 0","3.0","30.1","51.4","84.0","39.9","22.7","14,3","40.9","55.7","35.5"
"52","NARIÑO","52385","LA LLANADA","- 0","12.0","5.9","- 0","1.0","4.0","- 0","7.0","35.0","24.0","3.0","5.0","3.0","28.0","53.4","83.8","146.5","142.5","103.9","86,5","142.4","139.4","130.8"
"52","NARIÑO","52390","LA TOLA","15.0","29.0","1.9","94.0","27.0","75.0","184.0","164.0","465.0","139.0","63.0","31.0","41.0","78.0","120.4","119.8","292.3","280.4","279.5","263,2","661.2","527.1","619.8"
"52","NARIÑO","52405","LEIVA","10.0","- 0","41.0","40.0","58.0","- 0","185.0","66.0","24.0","36.0","35.0","7.0","2.0","11.0","39.7","212.8","279.2","290.2","272.0","273,5","642.5","580.1","618.6"
"52","NARIÑO","52411","LINARES","- 0","- 0","- 0","- 0","43.0","- 0","22.0","5.0","11.0","96.0","15.0","100.0","52.0","122.0","262.5","284.7","558.1","504.7","419.6","368,3","568.6","544.8","503.5"
"52","NARIÑO","52418","LOS ANDES (Sotomayor)","- 0","- 0","- 0","- 0","- 0","1.0","81.0","2.0","18.0","103.0","33.0","26.0","55.0","93.0","166.3","177.6","364.4","295.0","261.9","202,5","446.1","386.4","339.8"
"52","NARIÑO","52427","MAGÜÍ (Payán)","1,693.6","2,398.0","3,532.0","2,175.0","2,139.0","1,002.0","2,593.0","2,240.0","1,323.0","1,207.0","1,563.0","494.0","478.0","586.0","862.0","1,273.2","1,717.0","2,023.6","2,148.2","2.123","3,363.2","3,748.0","4,003.3"
"52","NARIÑO","52435","MALLAMA (Piedrancha)","- 0","- 0","0.1","- 0","- 0","- 0","1.0","3.0","- 0","- 0","- 0","- 0","- 0","- 0","- 0","- 0","1.2","18.1","16.3","13,2","20.8","18.0","23.5"
"52","NARIÑO","52473","MOSQUERA","34.0","119.0","55.0","289.0","38.0","34.0","188.0","140.0","129.0","84.0","222.0","76.0","115.0","118.0","159.1","239.9","218.4","227.3","199.7","249,9","474.1","376.2","429.0"
"52","NARIÑO","52490","OLAYA HERRERA (Bocas de Satinga)","14.0","690.0","506.0","575.0","517.0","870.0","1,972.0","1,286.0","1,452.0","612.0","1,104.0","712.0","719.0","1,445.0","2,173.0","2,572.7","3,355.5","3,504.6","3,561.9","2.898,1","6,040.6","4,994.2","5,530.9"
"52","NARIÑO","52540","POLICARPA","15.0","29.0","215.0","236.0","212.0","545.0","773.0","221.0","389.0","235.0","202.0","165.0","301.0","199.0","326.1","733.3","960.4","936.4","794.3","646,2","1,471.9","1,291.9","1,368.4"
"52","NARIÑO","52573","PUERRES","1.0","1.0","- 0","- 0","- 0","- 0","- 0","- 0","- 0","- 0","- 0","- 0","- 0","- 0","- 0","- 0","- 0","- 0","- 0","0","- 0","- 0","- 0"
"52","NARIÑO","52612","RICAURTE","8.0","23.0","15.9","93.0","1.0","52.0","53.0","6.0","67.0","75.0","68.0","61.0","106.0","93.0","125.8","333.0","784.2","808.6","640.9","565,3","839.1","810.1","846.6"
"52","NARIÑO","52621","ROBERTO PAYÁN (San José)","1,048.2","2,361.0","3,509.0","2,409.0","2,265.0","1,011.0","2,896.0","2,336.0","1,539.0","1,585.0","2,058.0","460.0","858.0","1,147.0","1,938.2","2,404.3","2,733.7","2,852.9","2,990.2","2.940,5","3,059.4","4,869.7","5,407.8"
"52","NARIÑO","52678","SAMANIEGO","- 0","5.0","8.9","- 0","7.0","46.0","24.0","120.0","281.0","531.0","551.0","226.0","336.0","402.0","742.7","1,394.6","869.3","856.9","701.6","576,4","773.9","676.8","757.9"
"52","NARIÑO","52693","SAN PABLO","- 0","- 0","3.9","- 0","- 0","1.0","- 0","- 0","- 0","- 0","- 0","- 0","- 0","- 0","- 0","- 0","- 0","- 0","- 0","0","- 0","- 0","- 0"
"52","NARIÑO","52683","SANDONÁ","- 0","- 0","- 0","- 0","15.0","11.0","- 0","- 0","- 0","- 0","- 0","- 0","- 0","1.0","4.6","8.3","16.1","8.8","7.0","7,3","22.6","34.0","16.0"
"52","NARIÑO","52696","SANTA BÁRBARA (Iscuandé)","232.7","258.0","274.0","345.0","213.0","1,303.0","700.0","706.0","802.0","615.0","587.0","294.0","279.0","368.0","283.7","785.3","530.2","560.3","486.3","426,8","1,595.1","1,571.4","1,650.1"
"52","NARIÑO","52699","SANTA CRUZ (Guachavés)","- 0","- 0","- 0","- 0","- 0","- 0","- 0","14.0","4.0","11.0","10.0","3.0","14.0","19.0","33.0","61.8","803.1","809.6","626.3","474,3","829.9","677.5","753.5"
"52","NARIÑO","52835","TUMACO","1,421.4","5,585.0","5,234.0","4,806.0","4,004.0","7,045.0","5,642.0","5,865.0","4,682.0","5,464.0","5,593.0","5,065.0","6,612.0","8,963.0","16,960.2","23,148.0","19,516.9","16,046.9","11,830.3","8.832,9","18,109.1","20,719.9","22,999.6"
"54","NORTE DE SANTANDER","54003","ÁBREGO","- 0","- 0","- 0","7.0","- 0","- 0","- 0","- 0","8.0","- 0","15.0","20.0","13.0","17.0","22.1","24.0","65.5","73.3","84.4","114,5","88.8","87.4","82.3"
"54","NORTE DE SANTANDER","54109","BUCARASICA","- 0","- 0","20.0","- 0","- 0","3.0","2.0","3.0","- 0","- 0","6.0","5.0","3.0","3.0","- 0","- 0","3.8","10.6","18.5","41,2","4.9","15.9","6.0"
"54","NORTE DE SANTANDER","54128","CÁCHIRA","- 0","- 0","- 0","- 0","- 0","- 0","2.0","71.0","51.0","37.0","164.0","38.0","16.0","15.0","10.3","15.4","- 0","- 0","- 0","0","- 0","- 0","- 0"
"54","NORTE DE SANTANDER","54206","CONVENCIÓN","13.4","33.0","39.0","181.0","15.0","15.0","41.0","54.0","225.0","68.0","180.0","356.0","999.0","553.0","855.9","890.6","1,315.7","1,686.7","2,018.0","2.307,9","2,004.5","1,914.6","2,034.4"
"54","NORTE DE SANTANDER","54001","CÚCUTA","34.1","47.0","43.1","17.0","- 0","- 0","- 0","1.0","38.0","10.0","32.0","38.0","61.0","33.0","56.0","281.0","323.1","316.9","368.8","373","478.9","426.8","492.5"
"54","NORTE DE SANTANDER","54245","EL CARMEN","4.4","24.0","102.0","212.0","- 0","5.0","58.0","285.0","215.0","86.0","212.0","222.0","871.0","436.0","568.8","664.3","758.4","702.2","1,156.8","1.181,9","887.6","817.8","875.0"
"54","NORTE DE SANTANDER","54250","EL TARRA","589.6","524.0","544.0","783.0","219.0","104.0","764.0","480.0","314.0","217.0","410.0","566.0","662.0","809.0","2,074.5","3,682.7","4,300.6","4,916.6","5,724.8","5.916,4","6,248.1","6,390.5","6,864.2"
"54","NORTE DE SANTANDER","54261","EL ZULIA","13.4","36.0","26.1","22.0","- 0","- 0","- 0","17.0","10.0","2.0","41.0","18.0","25.0","13.0","14.1","94.1","134.1","152.0","167.7","160,9","220.2","199.2","189.4"
"54","NORTE DE SANTANDER","54344","HACARÍ","21.7","9.0","14.7","74.0","30.0","15.0","- 0","- 0","- 0","1.0","48.0","59.0","51.0","103.0","152.5","214.9","386.8","402.7","584.0","572,5","531.9","580.9","824.4"
"54","NORTE DE SANTANDER","54385","LA ESPERANZA","- 0","1.0","- 0","- 0","- 0","- 0","64.0","121.0","73.0","61.0","92.0","45.0","30.0","7.0","8.8","11.9","2.0","2.4","5.1","4,9","4.7","- 0","- 0"
"54","NORTE DE SANTANDER","54398","LA PLAYA","- 0","- 0","- 0","- 0","- 0","- 0","- 0","- 0","1.0","- 0","26.0","4.0","- 0","15.0","5.4","6.1","25.6","26.8","42.4","32,7","26.0","26.8","29.7"
"54","NORTE DE SANTANDER","54418","LOURDES","- 0","- 0","5.0","- 0","- 0","3.0","- 0","- 0","- 0","- 0","3.0","1.0","- 0","- 0","- 0","- 0","- 0","- 0","- 0","0","- 0","- 0","- 0"
"54","NORTE DE SANTANDER","54498","OCAÑA","- 0","- 0","- 0","- 0","- 0","- 0","- 0","- 0","- 0","- 0","- 0","- 0","1.0","4.0","7.0","9.0","10.6","42.1","47.7","17,6","24.2","16.5","9.4"
"54","NORTE DE SANTANDER","54670","SAN CALIXTO","19.6","9.0","13.3","136.0","25.0","13.0","34.0","62.0","42.0","- 0","66.0","134.0","208.0","181.0","736.5","445.0","640.3","765.3","1,130.2","1.206,8","965.9","959.3","1,173.9"
"54","NORTE DE SANTANDER","54720","SARDINATA","586.1","793.0","864.0","158.0","47.0","26.0","93.0","463.0","245.0","193.0","1,125.0","723.0","837.0","1,078.0","865.9","3,847.4","4,112.4","5,487.3","6,516.0","4.603","5,135.0","4,727.4","4,299.8"
"54","NORTE DE SANTANDER","54800","TEORAMA","679.2","217.0","393.0","200.0","84.0","42.0","186.0","296.0","509.0","271.0","298.0","628.0","663.0","680.0","1,770.2","1,856.7","2,479.6","2,916.0","3,953.8","4.216,6","3,714.9","3,790.4","3,956.3"
"54","NORTE DE SANTANDER","54810","TIBÚ","9,677.5","6,340.0","2,398.0","1,266.0","424.0","262.0","702.0","1,033.0","982.0","943.0","772.0","1,658.0","1,905.0","2,997.0","4,379.1","12,787.4","13,685.7","16,096.7","19,892.7","19.333,9","22,229.6","22,081.5","23,029.7"
"86","PUTUMAYO","86001","MOCOA","112.0","122.0","91.0","27.0","69.0","145.0","142.0","97.0","37.0","15.0","48.0","107.0","49.0","105.0","106.9","111.2","76.2","70.1","77.1","18,2","45.0","91.6","109.4"
"86","PUTUMAYO","86320","ORITO","7,629.2","1,442.0","352.0","516.0","523.0","1,153.0","1,740.0","1,269.0","583.0","556.0","1,086.0","428.0","784.0","1,639.0","2,189.8","2,987.9","3,969.9","3,949.3","3,073.3","2.212,6","4,421.9","8,085.6","8,731.7"
"86","PUTUMAYO","86568","PUERTO ASÍS","8,679.6","2,898.0","1,527.0","543.0","1,414.0","2,509.0","4,531.0","2,627.0","1,225.0","1,551.0","2,735.0","1,463.0","2,150.0","4,437.0","6,052.0","7,453.4","9,664.6","7,657.9","6,809.7","5.701,6","7,469.9","11,504.0","11,726.0"
"86","PUTUMAYO","86569","PUERTO CAICEDO","2,340.0","709.0","210.0","141.0","330.0","547.0","929.0","449.0","326.0","281.0","854.0","526.0","682.0","1,046.0","1,481.2","1,782.1","2,998.4","2,905.0","2,616.6","1.929,3","2,727.8","4,658.1","4,882.6"
"86","PUTUMAYO","86571","PUERTO GUZMÁN","4,184.8","2,494.0","2,297.0","1,050.0","1,928.0","2,118.0","1,827.0","1,077.0","794.0","623.0","1,413.0","656.0","624.0","915.0","1,298.7","1,584.8","2,029.9","2,014.1","1,749.9","1.063,8","1,457.5","2,724.4","2,764.7"
"86","PUTUMAYO","86573","PUERTO LEGUÍZAMO","3,831.3","3,187.0","1,454.0","1,275.0","2,546.0","2,562.0","1,530.0","1,653.0","1,150.0","1,044.0","1,696.0","1,218.0","1,077.0","1,276.0","1,804.8","1,992.4","1,404.0","1,104.1","1,651.8","1.390,1","1,924.4","4,285.5","3,900.3"
"86","PUTUMAYO","86757","SAN MIGUEL (La Dorada)","4,041.3","903.0","600.0","194.4","661.0","756.0","867.0","481.0","263.0","136.0","499.0","416.0","659.0","1,094.0","2,338.2","3,128.4","3,553.7","3,329.1","3,752.4","3.603,7","4,106.2","6,440.0","6,723.4"
"86","PUTUMAYO","86760","SANTIAGO","11.0","8.0","- 0","- 0","3.0","6.0","- 0","8.0","3.0","3.0","- 0","2.0","4.0","6.0","4.6","5.3","- 0","- 0","- 0","0","- 0","- 0","- 0"
"86","PUTUMAYO","86865","VALLE DEL GUAMUEZ (La Hormiga)","9,269.3","1,553.0","850.0","471.0","1,033.0","1,896.0","2,334.0","1,319.0","583.0","335.0","1,010.0","644.0","1,093.0","2,050.0","3,660.1","4,885.8","4,132.4","3,362.8","3,539.5","3.354","4,694.4","7,958.6","9,192.6"
"86","PUTUMAYO","86885","VILLAGARZÓN","952.1","410.0","178.0","169.0","456.0","561.0","913.0","678.0","353.0","241.0","611.0","688.0","545.0","1,041.0","1,131.4","1,231.1","1,759.9","2,015.3","1,702.7","712,9","1,358.2","2,286.6","2,312.1"
"68","SANTANDER","68020","ALBANIA","- 0","5.0","- 0","2.1","- 0","- 0","- 0","- 0","- 0","- 0","- 0","- 0","- 0","- 0","- 0","- 0","- 0","- 0","- 0","0","- 0","- 0","- 0"
"68","SANTANDER","68092","BETULIA","- 0","- 0","- 0","62.0","54.0","10.0","35.0","- 0","- 0","- 0","- 0","- 0","- 0","- 0","- 0","- 0","- 0","- 0","- 0","0","- 0","- 0","- 0"
"68","SANTANDER","68101","BOLÍVAR","92.6","101.0","307.0","487.0","393.0","284.0","742.0","690.0","272.0","165.0","159.0","30.0","28.0","5.0","4.6","14.6","6.8","3.6","- 0","0","3.0","6.0","15.7"
"68","SANTANDER","68176","CHIMA","- 0","10.0","- 0","- 0","- 0","- 0","- 0","- 0","- 0","- 0","- 0","- 0","- 0","- 0","- 0","- 0","- 0","- 0","- 0","0","- 0","- 0","- 0"
"68","SANTANDER","68190","CIMITARRA","26.9","120.0","96.0","157.0","84.0","66.0","100.0","330.0","159.0","106.0","45.0","9.0","2.0","- 0","- 0","- 0","3.0","1.6","- 0","0","4.7","6.4","2.2"
"68","SANTANDER","68209","CONFINES","- 0","1.0","- 0","- 0","- 0","- 0","- 0","- 0","- 0","- 0","- 0","- 0","- 0","- 0","- 0","- 0","- 0","- 0","- 0","0","- 0","- 0","- 0"
"68","SANTANDER","68211","CONTRATACIÓN","- 0","- 0","- 0","- 0","- 0","- 0","- 0","- 0","5.0","- 0","- 0","- 0","- 0","- 0","- 0","- 0","- 0","- 0","- 0","0","- 0","- 0","- 0"
"68","SANTANDER","68235","EL CARMEN","- 0","18.0","- 0","- 0","3.0","8.0","4.0","3.0","17.0","- 0","- 0","2.0","- 0","- 0","1.2","4.9","4.5","2.8","- 0","0","- 0","- 0","- 0"
"68","SANTANDER","68250","EL PEÑÓN","3.0","- 0","18.3","24.0","21.0","32.0","8.0","36.0","23.0","14.0","3.0","- 0","- 0","1.0","- 0","- 0","- 0","2.2","- 0","0","- 0","- 0","- 0"
"68","SANTANDER","68255","EL PLAYÓN","- 0","- 0","- 0","- 0","- 0","- 0","- 0","10.0","14.0","12.0","60.0","2.0","5.0","5.0","2.6","- 0","- 0","- 0","- 0","0","- 0","- 0","- 0"
"68","SANTANDER","68271","FLORIÁN","- 0","- 0","8.9","7.0","- 0","6.0","6.0","- 0","- 0","- 0","- 0","- 0","- 0","- 0","- 0","- 0","- 0","- 0","- 0","0","- 0","- 0","- 0"
"68","SANTANDER","68322","GUAPOTÁ","- 0","- 0","- 0","1.0","- 0","- 0","- 0","- 0","- 0","- 0","- 0","- 0","- 0","- 0","- 0","- 0","- 0","- 0","- 0","0","- 0","- 0","- 0"
"68","SANTANDER","68324","GUAVATÁ","- 0","- 0","- 0","14.3","- 0","- 0","- 0","- 0","- 0","- 0","- 0","- 0","- 0","- 0","- 0","- 0","- 0","- 0","- 0","0","- 0","- 0","- 0"
"68","SANTANDER","68377","LA BELLEZA","22.1","25.0","25.6","96.0","73.0","96.0","53.0","94.0","72.0","31.0","77.0","7.0","3.0","1.0","- 0","- 0","- 0","- 0","- 0","0","- 0","2.9","10.3"
"68","SANTANDER","68397","LA PAZ","- 0","- 0","5.0","1.0","- 0","- 0","- 0","- 0","10.0","- 0","- 0","- 0","- 0","- 0","- 0","- 0","- 0","- 0","- 0","0","- 0","- 0","- 0"
"68","SANTANDER","68385","LANDÁZURI","12.7","43.0","0.9","23.2","77.0","107.0","63.0","126.0","75.0","78.0","34.0","14.0","1.0","1.0","- 0","- 0","- 0","- 0","- 0","0","- 0","- 0","- 0"
"68","SANTANDER","68524","PALMAS DEL SOCORRO","- 0","1.0","- 0","- 0","- 0","- 0","- 0","- 0","- 0","- 0","- 0","- 0","- 0","- 0","- 0","- 0","- 0","- 0","- 0","0","- 0","- 0","- 0"
"68","SANTANDER","68573","PUERTO PARRA","- 0","19.0","2.8","5.0","28.0","16.0","44.0","41.0","21.0","27.0","16.0","5.0","- 0","- 0","- 0","- 0","- 0","- 0","- 0","0","- 0","- 0","- 0"
"68","SANTANDER","68615","RIONEGRO","- 0","1.0","- 0","- 0","- 0","- 0","- 0","3.0","21.0","23.0","51.0","2.0","5.0","2.0","2.0","2.2","5.7","- 0","1.2","1,4","- 0","- 0","- 0"
"68","SANTANDER","68655","SABANA DE TORRES","- 0","- 0","- 0","- 0","- 0","- 0","8.0","- 0","- 0","- 0","- 0","- 0","- 0","- 0","- 0","- 0","- 0","- 0","- 0","0","- 0","- 0","- 0"
"68","SANTANDER","68689","SAN VICENTE DE CHUCURÍ","- 0","- 0","- 0","18.8","27.0","4.0","23.0","- 0","1.0","- 0","- 0","- 0","- 0","- 0","- 0","- 0","- 0","- 0","- 0","0","- 0","- 0","- 0"
"68","SANTANDER","68720","SANTA HELENA DEL OPÓN","- 0","45.0","18.0","21.0","2.0","7.0","14.0","2.0","38.0","48.0","35.0","5.0","3.0","2.0","4.9","10.8","3.9","6.2","1.2","1,7","2.4","- 0","- 0"
"68","SANTANDER","68745","SIMACOTA","- 0","19.0","33.0","20.0","1.0","7.0","13.0","7.0","5.0","35.0","10.0","1.0","1.0","- 0","- 0","4.7","6.1","4.1","- 0","0","- 0","- 0","- 0"
"68","SANTANDER","68755","SOCORRO","- 0","2.0","- 0","- 0","- 0","- 0","- 0","- 0","- 0","- 0","- 0","- 0","- 0","- 0","- 0","- 0","- 0","- 0","- 0","0","- 0","- 0","- 0"
"68","SANTANDER","68773","SUCRE","3.0","55.0","109.0","173.0","199.0","205.0","204.0","449.0","191.0","95.0","86.0","31.0","26.0","7.0","3.4","- 0","- 0","- 0","- 0","0","- 0","- 0","- 0"
"68","SANTANDER","68861","VÉLEZ","- 0","- 0","7.3","12.2","19.0","18.0","8.0","- 0","29.0","39.0","19.0","2.0","3.0","1.0","2.0","- 0","- 0","- 0","- 0","0","- 0","- 0","- 0"
"76","VALLE DEL CAUCA","76100","BOLÍVAR","- 0","- 0","- 0","1.0","18.0","75.0","2.0","17.0","1.0","15.0","52.0","14.0","23.0","5.0","16.2","31.2","75.4","80.9","17.4","24,8","77.4","156.2","116.8"
"76","VALLE DEL CAUCA","76109","BUENAVENTURA","186.4","66.0","32.0","44.0","10.0","149.0","400.0","1,651.0","794.0","558.0","842.0","422.0","338.0","539.0","627.9","680.5","1,030.2","987.2","918.5","907,8","1,273.7","1,301.2","1,345.7"
"76","VALLE DEL CAUCA","76001","CALI","- 0","- 0","- 0","- 0","- 0","- 0","- 0","2.0","- 0","- 0","- 0","- 0","- 0","- 0","- 0","- 0","- 0","- 0","- 0","0","- 0","- 0","- 0"
"76","VALLE DEL CAUCA","76126","CALIMA (El Darién)","- 0","- 0","5.0","- 0","- 0","57.0","51.0","386.0","134.0","92.0","73.0","46.0","31.0","16.0","24.4","33.6","43.6","44.9","14.5","13,6","45.1","48.8","45.1"
"76","VALLE DEL CAUCA","76233","DAGUA","- 0","34.0","- 0","- 0","- 0","- 0","- 0","8.0","- 0","- 0","14.0","- 0","6.0","1.0","3.1","3.0","45.8","36.6","58.6","38,7","33.9","48.9","58.9"
"76","VALLE DEL CAUCA","76364","JAMUNDÍ","- 0","11.0","- 0","- 0","- 0","- 0","- 0","25.0","- 0","- 0","- 0","- 0","- 0","- 0","18.4","3.6","61.6","116.9","1,319.9","953","1,159.5","1,083.9","1,795.3"
"76","VALLE DEL CAUCA","76834","TULUÁ","- 0","- 0","- 0","- 0","- 0","- 0","- 0","- 0","- 0","- 0","- 0","- 0","- 0","- 0","- 0","- 0","4.8","4.0","- 0","0","- 0","- 0","- 0"
"97","VAUPÉS","97161","CARURÚ","1,279.8","1,125.0","827.0","638.0","386.0","189.0","157.0","168.0","63.0","60.0","100.0","105.0","125.0","92.0","31.0","96.7","105.5","64.7","26.0","39,3","28.8","17.1","14.0"
"97","VAUPÉS","97001","MITÚ","380.5","269.0","230.0","389.0","262.0","259.0","125.0","331.0","190.0","424.0","111.0","125.0","54.0","16.0","1.6","- 0","- 0","- 0","- 0","0","- 0","- 0","- 0"
"97","VAUPÉS","97511","PACOA (Cor. Departamental)","36.4","20.0","35.0","- 0","1.0","3.0","16.0","27.0","78.0","183.0","60.0","15.0","- 0","- 0","- 0","- 0","- 0","- 0","- 0","0","- 0","- 0","- 0"
"97","VAUPÉS","97777","PAPUNAUA (Cor. Departamental)","73.0","58.0","7.9","33.0","21.0","9.0","5.0","26.0","15.0","27.0","1.0","6.0","4.0","1.0","- 0","- 0","- 0","- 0","- 0","0","- 0","- 0","- 0"
"97","VAUPÉS","97666","TARAIRA","- 0","- 0","- 0","- 0","- 0","- 0","- 0","- 0","1.0","14.0","5.0","1.0","- 0","- 0","- 0","- 0","- 0","- 0","- 0","0","- 0","- 0","- 0"
"97","VAUPÉS","97889","YAVARATÉ (Cor. Departamental)","1.0","14.0","57.0","23.7","1.0","- 0","4.0","5.0","4.0","13.0","- 0","2.0","1.0","- 0","- 0","- 0","- 0","- 0","- 0","0","- 0","- 0","- 0"
"99","VICHADA","99773","CUMARIBO","7,943.2","4,846.0","3,758.0","4,629.0","7,599.0","5,470.0","7,109.0","3,128.0","3,093.0","2,705.0","2,234.0","1,234.0","710.0","507.0","683.1","699.2","652.7","550.0","245.3","121","310.8","282.7","343.3"
"99","VICHADA","99524","LA PRIMAVERA","122.7","63.0","60.0","63.0","227.0","53.0","108.0","46.0","35.0","38.0","30.0","8.0","3.0","4.0","- 0","- 0","- 0","- 0","- 0","0","- 0","- 0","- 0"
"99","VICHADA","99624","SANTA ROSALÍA","- 0","- 0","- 0","- 0","- 0","- 0","1.0","- 0","12.0","- 0","- 0","- 0","- 0","- 0","- 0","- 0","- 0","- 0","- 0","0","- 0","- 0","- 0"
